2607:9f40:15::/48,US,US-SC,North Charleston,29406
2607:9f40:21::/48,US,US-SC,North Charleston,29406
2607:9f40:22::/48,US,US-SC,North Charleston,29406
2607:9f40:23::/48,US,US-SC,North Charleston,29406
2607:9f40:24::/48,US,US-SC,North Charleston,29406
2607:9f40:25::/48,US,US-SC,North Charleston,29406
2607:9f40:26::/48,US,US-SC,North Charleston,29406
2607:9f40:27::/48,US,US-SC,North Charleston,29406
2607:9f40:28::/48,US,US-SC,North Charleston,29406
2607:9f40:29::/48,US,US-SC,North Charleston,29406
2607:9f40:35::/48,US,US-SC,North Charleston,29406
2607:9f40:69::/48,US,US-SC,North Charleston,29406
2607:9f40::/48,US,US-SC,North Charleston,29406
2607:9f40::/32,US,US-SC,North Charleston,29406
23.174.40.0/24,US,US-SC,North Charleston,29406
